time	V(vin)	V(vout)
0.000000000000000e+000	0.000000e+000	0.000000e+000
1.000000000000000e-018	1.000000e+000	7.026815e-010
1.420488923710607e-011	1.000000e+000	1.974246e-002
2.840977747421213e-011	1.000000e+000	3.911326e-002
4.261466571131819e-011	1.000000e+000	5.811240e-002
5.681955394842426e-011	1.000000e+000	7.673989e-002
7.102444218553031e-011	1.000000e+000	9.499571e-002
8.522933042263638e-011	1.000000e+000	1.128799e-001
9.943421865974242e-011	1.000000e+000	1.303924e-001
9.953421865974243e-011	1.000000e+000	1.305146e-001
1.141485043740289e-010	1.000000e+000	1.481691e-001
1.287627900883153e-010	1.000000e+000	1.654822e-001
1.433770758026017e-010	1.000000e+000	1.824540e-001
1.579913615168881e-010	1.000000e+000	1.990844e-001
1.726056472311745e-010	1.000000e+000	2.153734e-001
1.872199329454610e-010	1.000000e+000	2.313211e-001
2.018342186597474e-010	1.000000e+000	2.469274e-001
2.019342186597474e-010	1.000000e+000	2.470332e-001
2.165485043740311e-010	1.000000e+000	2.623218e-001
2.311627900883149e-010	1.000000e+000	2.773149e-001
2.457770758025987e-010	1.000000e+000	2.920123e-001
2.603913615168825e-010	1.000000e+000	3.064140e-001
2.750056472311663e-010	1.000000e+000	3.205202e-001
2.896199329454500e-010	1.000000e+000	3.343307e-001
3.042342186597338e-010	1.000000e+000	3.478456e-001
3.043342186597338e-010	1.000000e+000	3.479373e-001
3.189485043740164e-010	1.000000e+000	3.611771e-001
3.335627900882991e-010	1.000000e+000	3.741609e-001
3.481770758025817e-010	1.000000e+000	3.868887e-001
3.627913615168644e-010	1.000000e+000	3.993606e-001
3.774056472311470e-010	1.000000e+000	4.115764e-001
3.920199329454296e-010	1.000000e+000	4.235362e-001
4.066342186597123e-010	1.000000e+000	4.352400e-001
4.067342186597123e-010	1.000000e+000	4.353193e-001
4.213485043739981e-010	1.000000e+000	4.467849e-001
4.359627900882840e-010	1.000000e+000	4.580288e-001
4.505770758025698e-010	1.000000e+000	4.690510e-001
4.651913615168557e-010	1.000000e+000	4.798515e-001
4.798056472311415e-010	1.000000e+000	4.904302e-001
4.944199329454273e-010	1.000000e+000	5.007873e-001
5.090342186597132e-010	1.000000e+000	5.109227e-001
5.091342186597132e-010	1.000000e+000	5.109915e-001
5.237485043740034e-010	1.000000e+000	5.209205e-001
5.383627900882936e-010	1.000000e+000	5.306576e-001
5.529770758025839e-010	1.000000e+000	5.402027e-001
5.675913615168741e-010	1.000000e+000	5.495558e-001
5.822056472311642e-010	1.000000e+000	5.587170e-001
5.968199329454544e-010	1.000000e+000	5.676862e-001
6.114342186597446e-010	1.000000e+000	5.764633e-001
6.115342186597446e-010	1.000000e+000	5.765228e-001
6.261485043740348e-010	1.000000e+000	5.851213e-001
6.407627900883250e-010	1.000000e+000	5.935536e-001
6.553770758026153e-010	1.000000e+000	6.018196e-001
6.699913615169055e-010	1.000000e+000	6.099193e-001
6.846056472311956e-010	1.000000e+000	6.178528e-001
6.992199329454858e-010	1.000000e+000	6.256200e-001
7.138342186597760e-010	1.000000e+000	6.332209e-001
7.139342186597760e-010	1.000000e+000	6.332724e-001
7.285485043740662e-010	1.000000e+000	6.407187e-001
7.431627900883564e-010	1.000000e+000	6.480209e-001
7.577770758026467e-010	1.000000e+000	6.551792e-001
7.723913615169369e-010	1.000000e+000	6.621935e-001
7.870056472312271e-010	1.000000e+000	6.690638e-001
8.016199329455172e-010	1.000000e+000	6.757902e-001
8.162342186598074e-010	1.000000e+000	6.823725e-001
8.163342186598075e-010	1.000000e+000	6.824171e-001
8.309485043740976e-010	1.000000e+000	6.888655e-001
8.455627900883878e-010	1.000000e+000	6.951892e-001
8.601770758026781e-010	1.000000e+000	7.013882e-001
8.747913615169683e-010	1.000000e+000	7.074625e-001
8.894056472312585e-010	1.000000e+000	7.134121e-001
9.040199329455486e-010	1.000000e+000	7.192371e-001
9.186342186598388e-010	1.000000e+000	7.249373e-001
9.187342186598389e-010	1.000000e+000	7.249760e-001
9.333485043741290e-010	1.000000e+000	7.305602e-001
9.479627900884193e-010	1.000000e+000	7.360365e-001
9.625770758027094e-010	1.000000e+000	7.414048e-001
9.771913615169997e-010	1.000000e+000	7.466651e-001
9.918056472312898e-010	1.000000e+000	7.518174e-001
1.006419932945580e-009	1.000000e+000	7.568617e-001
1.021034218659870e-009	1.000000e+000	7.617981e-001
1.021134218659870e-009	1.000000e+000	7.618316e-001
1.035748504374160e-009	1.000000e+000	7.666675e-001
1.050362790088451e-009	1.000000e+000	7.714099e-001
1.064977075802741e-009	1.000000e+000	7.760588e-001
1.079591361517031e-009	1.000000e+000	7.806141e-001
1.094205647231321e-009	1.000000e+000	7.850760e-001
1.108819932945612e-009	1.000000e+000	7.894444e-001
1.123434218659902e-009	1.000000e+000	7.937192e-001
1.123534218659902e-009	1.000000e+000	7.937482e-001
1.138148504374192e-009	1.000000e+000	7.979361e-001
1.152762790088482e-009	1.000000e+000	8.020429e-001
1.167377075802772e-009	1.000000e+000	8.060688e-001
1.181991361517062e-009	1.000000e+000	8.100137e-001
1.196605647231353e-009	1.000000e+000	8.138777e-001
1.211219932945643e-009	1.000000e+000	8.176606e-001
1.225834218659933e-009	1.000000e+000	8.213626e-001
1.225934218659933e-009	1.000000e+000	8.213878e-001
1.240548504374223e-009	1.000000e+000	8.250144e-001
1.255162790088513e-009	1.000000e+000	8.285709e-001
1.269777075802804e-009	1.000000e+000	8.320573e-001
1.284391361517094e-009	1.000000e+000	8.354735e-001
1.299005647231384e-009	1.000000e+000	8.388197e-001
1.313619932945674e-009	1.000000e+000	8.420957e-001
1.328234218659964e-009	1.000000e+000	8.453016e-001
1.328334218659964e-009	1.000000e+000	8.453233e-001
1.342948504374255e-009	1.000000e+000	8.484640e-001
1.357562790088545e-009	1.000000e+000	8.515439e-001
1.372177075802835e-009	1.000000e+000	8.545631e-001
1.386791361517125e-009	1.000000e+000	8.575215e-001
1.401405647231415e-009	1.000000e+000	8.604193e-001
1.416019932945706e-009	1.000000e+000	8.632563e-001
1.430634218659996e-009	1.000000e+000	8.660325e-001
1.430734218659996e-009	1.000000e+000	8.660514e-001
1.445348504374286e-009	1.000000e+000	8.687711e-001
1.459962790088576e-009	1.000000e+000	8.714383e-001
1.474577075802867e-009	1.000000e+000	8.740529e-001
1.489191361517157e-009	1.000000e+000	8.766149e-001
1.503805647231447e-009	1.000000e+000	8.791243e-001
1.518419932945737e-009	1.000000e+000	8.815811e-001
1.533034218660027e-009	1.000000e+000	8.839853e-001
1.533134218660027e-009	1.000000e+000	8.840016e-001
1.547748504374318e-009	1.000000e+000	8.863569e-001
1.562362790088608e-009	1.000000e+000	8.886667e-001
1.576977075802898e-009	1.000000e+000	8.909309e-001
1.591591361517188e-009	1.000000e+000	8.931496e-001
1.606205647231478e-009	1.000000e+000	8.953227e-001
1.620819932945769e-009	1.000000e+000	8.974503e-001
1.635434218660059e-009	1.000000e+000	8.995323e-001
1.635534218660059e-009	1.000000e+000	8.995464e-001
1.650148504374349e-009	1.000000e+000	9.015861e-001
1.664762790088639e-009	1.000000e+000	9.035863e-001
1.679377075802929e-009	1.000000e+000	9.055471e-001
1.693991361517219e-009	1.000000e+000	9.074684e-001
1.708605647231510e-009	1.000000e+000	9.093503e-001
1.723219932945800e-009	1.000000e+000	9.111928e-001
1.737834218660090e-009	1.000000e+000	9.129958e-001
1.737934218660090e-009	1.000000e+000	9.130081e-001
1.752548504374380e-009	1.000000e+000	9.147744e-001
1.767162790088670e-009	1.000000e+000	9.165066e-001
1.781777075802961e-009	1.000000e+000	9.182046e-001
1.796391361517251e-009	1.000000e+000	9.198685e-001
1.811005647231541e-009	1.000000e+000	9.214982e-001
1.825619932945831e-009	1.000000e+000	9.230937e-001
1.840234218660121e-009	1.000000e+000	9.246551e-001
1.840334218660121e-009	1.000000e+000	9.246657e-001
1.854948504374412e-009	1.000000e+000	9.261954e-001
1.869562790088702e-009	1.000000e+000	9.276954e-001
1.884177075802992e-009	1.000000e+000	9.291659e-001
1.898791361517282e-009	1.000000e+000	9.306068e-001
1.913405647231573e-009	1.000000e+000	9.320181e-001
1.928019932945863e-009	1.000000e+000	9.333999e-001
1.942634218660153e-009	1.000000e+000	9.347520e-001
1.942734218660153e-009	1.000000e+000	9.347612e-001
1.957348504374443e-009	1.000000e+000	9.360858e-001
1.971962790088733e-009	1.000000e+000	9.373849e-001
1.986577075803024e-009	1.000000e+000	9.386583e-001
2.001191361517314e-009	1.000000e+000	9.399061e-001
2.015805647231604e-009	1.000000e+000	9.411283e-001
2.030419932945894e-009	1.000000e+000	9.423249e-001
2.045034218660184e-009	1.000000e+000	9.434958e-001
2.045134218660184e-009	1.000000e+000	9.435037e-001
2.059748504374474e-009	1.000000e+000	9.446509e-001
2.074362790088765e-009	1.000000e+000	9.457758e-001
2.088977075803055e-009	1.000000e+000	9.468786e-001
2.103591361517345e-009	1.000000e+000	9.479592e-001
2.118205647231636e-009	1.000000e+000	9.490176e-001
2.132819932945926e-009	1.000000e+000	9.500538e-001
2.147434218660216e-009	1.000000e+000	9.510679e-001
2.147534218660216e-009	1.000000e+000	9.510747e-001
2.162148504374506e-009	1.000000e+000	9.520681e-001
2.176762790088796e-009	1.000000e+000	9.530423e-001
2.191377075803086e-009	1.000000e+000	9.539973e-001
2.205991361517376e-009	1.000000e+000	9.549331e-001
2.220605647231667e-009	1.000000e+000	9.558497e-001
2.235219932945957e-009	1.000000e+000	9.567470e-001
2.249834218660247e-009	1.000000e+000	9.576252e-001
2.249934218660247e-009	1.000000e+000	9.576312e-001
2.264548504374537e-009	1.000000e+000	9.584914e-001
2.279162790088828e-009	1.000000e+000	9.593351e-001
2.293777075803118e-009	1.000000e+000	9.601621e-001
2.308391361517408e-009	1.000000e+000	9.609724e-001
2.323005647231698e-009	1.000000e+000	9.617662e-001
2.337619932945988e-009	1.000000e+000	9.625433e-001
2.352234218660279e-009	1.000000e+000	9.633038e-001
2.352334218660279e-009	1.000000e+000	9.633089e-001
2.366948504374569e-009	1.000000e+000	9.640539e-001
2.381562790088859e-009	1.000000e+000	9.647845e-001
2.396177075803149e-009	1.000000e+000	9.655007e-001
2.410791361517439e-009	1.000000e+000	9.662025e-001
2.425405647231730e-009	1.000000e+000	9.668899e-001
2.440019932946020e-009	1.000000e+000	9.675628e-001
2.454634218660310e-009	1.000000e+000	9.682214e-001
2.454734218660310e-009	1.000000e+000	9.682258e-001
2.469348504374600e-009	1.000000e+000	9.688710e-001
2.483962790088891e-009	1.000000e+000	9.695037e-001
2.498577075803181e-009	1.000000e+000	9.701239e-001
2.513191361517471e-009	1.000000e+000	9.707317e-001
2.527805647231761e-009	1.000000e+000	9.713269e-001
2.542419932946051e-009	1.000000e+000	9.719097e-001
2.557034218660341e-009	1.000000e+000	9.724800e-001
2.557134218660341e-009	1.000000e+000	9.724839e-001
2.571748504374631e-009	1.000000e+000	9.730426e-001
2.586362790088922e-009	1.000000e+000	9.735905e-001
2.600977075803212e-009	1.000000e+000	9.741276e-001
2.615591361517502e-009	1.000000e+000	9.746539e-001
2.630205647231793e-009	1.000000e+000	9.751693e-001
2.644819932946083e-009	1.000000e+000	9.756740e-001
2.659434218660373e-009	1.000000e+000	9.761679e-001
2.659534218660373e-009	1.000000e+000	9.761713e-001
2.674148504374663e-009	1.000000e+000	9.766551e-001
2.688762790088953e-009	1.000000e+000	9.771296e-001
2.703377075803243e-009	1.000000e+000	9.775947e-001
2.717991361517534e-009	1.000000e+000	9.780505e-001
2.732605647231824e-009	1.000000e+000	9.784969e-001
2.747219932946114e-009	1.000000e+000	9.789339e-001
2.761834218660404e-009	1.000000e+000	9.793617e-001
2.761934218660404e-009	1.000000e+000	9.793645e-001
2.776548504374694e-009	1.000000e+000	9.797835e-001
2.791162790088985e-009	1.000000e+000	9.801944e-001
2.805777075803275e-009	1.000000e+000	9.805972e-001
2.820391361517565e-009	1.000000e+000	9.809919e-001
2.835005647231855e-009	1.000000e+000	9.813785e-001
2.849619932946145e-009	1.000000e+000	9.817570e-001
2.864234218660436e-009	1.000000e+000	9.821274e-001
2.864334218660436e-009	1.000000e+000	9.821299e-001
2.878948504374726e-009	1.000000e+000	9.824927e-001
2.893562790089016e-009	1.000000e+000	9.828485e-001
2.908177075803306e-009	1.000000e+000	9.831973e-001
2.922791361517596e-009	1.000000e+000	9.835391e-001
2.937405647231887e-009	1.000000e+000	9.838739e-001
2.952019932946177e-009	1.000000e+000	9.842017e-001
2.966634218660467e-009	1.000000e+000	9.845225e-001
2.966734218660467e-009	1.000000e+000	9.845246e-001
2.981348504374757e-009	1.000000e+000	9.848388e-001
2.995962790089048e-009	1.000000e+000	9.851470e-001
3.010577075803338e-009	1.000000e+000	9.854490e-001
3.025191361517628e-009	1.000000e+000	9.857450e-001
3.039805647231918e-009	1.000000e+000	9.860350e-001
3.054419932946208e-009	1.000000e+000	9.863188e-001
3.069034218660498e-009	1.000000e+000	9.865966e-001
3.069134218660498e-009	1.000000e+000	9.865984e-001
3.083748504374788e-009	1.000000e+000	9.868706e-001
3.098362790089079e-009	1.000000e+000	9.871374e-001
3.112977075803369e-009	1.000000e+000	9.873990e-001
3.127591361517659e-009	1.000000e+000	9.876554e-001
3.142205647231950e-009	1.000000e+000	9.879064e-001
3.156819932946240e-009	1.000000e+000	9.881522e-001
3.171434218660530e-009	1.000000e+000	9.883928e-001
3.171534218660530e-009	1.000000e+000	9.883944e-001
3.186148504374820e-009	1.000000e+000	9.886300e-001
3.200762790089110e-009	1.000000e+000	9.888611e-001
3.215377075803400e-009	1.000000e+000	9.890877e-001
3.229991361517691e-009	1.000000e+000	9.893096e-001
3.244605647231981e-009	1.000000e+000	9.895271e-001
3.259219932946271e-009	1.000000e+000	9.897399e-001
3.273834218660561e-009	1.000000e+000	9.899482e-001
3.273934218660561e-009	1.000000e+000	9.899496e-001
3.288548504374851e-009	1.000000e+000	9.901537e-001
3.303162790089142e-009	1.000000e+000	9.903538e-001
3.317777075803432e-009	1.000000e+000	9.905500e-001
3.332391361517722e-009	1.000000e+000	9.907422e-001
3.347005647232012e-009	1.000000e+000	9.909305e-001
3.361619932946303e-009	1.000000e+000	9.911148e-001
3.376234218660593e-009	1.000000e+000	9.912952e-001
3.376334218660593e-009	1.000000e+000	9.912965e-001
3.390948504374883e-009	1.000000e+000	9.914732e-001
3.405562790089173e-009	1.000000e+000	9.916465e-001
3.420177075803463e-009	1.000000e+000	9.918164e-001
3.434791361517753e-009	1.000000e+000	9.919828e-001
3.449405647232044e-009	1.000000e+000	9.921459e-001
3.464019932946334e-009	1.000000e+000	9.923055e-001
3.478634218660624e-009	1.000000e+000	9.924617e-001
3.478734218660624e-009	1.000000e+000	9.924628e-001
3.493348504374914e-009	1.000000e+000	9.926158e-001
3.507962790089205e-009	1.000000e+000	9.927659e-001
3.522577075803495e-009	1.000000e+000	9.929130e-001
3.537191361517785e-009	1.000000e+000	9.930572e-001
3.551805647232075e-009	1.000000e+000	9.931984e-001
3.566419932946365e-009	1.000000e+000	9.933366e-001
3.581034218660655e-009	1.000000e+000	9.934719e-001
3.581134218660655e-009	1.000000e+000	9.934729e-001
3.595748504374946e-009	1.000000e+000	9.936054e-001
3.610362790089236e-009	1.000000e+000	9.937354e-001
3.624977075803526e-009	1.000000e+000	9.938628e-001
3.639591361517816e-009	1.000000e+000	9.939876e-001
3.654205647232107e-009	1.000000e+000	9.941099e-001
3.668819932946397e-009	1.000000e+000	9.942296e-001
3.683434218660687e-009	1.000000e+000	9.943467e-001
3.683534218660687e-009	1.000000e+000	9.943476e-001
3.698148504374941e-009	1.000000e+000	9.944623e-001
3.712762790089195e-009	1.000000e+000	9.945749e-001
3.727377075803450e-009	1.000000e+000	9.946852e-001
3.741991361517705e-009	1.000000e+000	9.947933e-001
3.756605647231959e-009	1.000000e+000	9.948992e-001
3.771219932946214e-009	1.000000e+000	9.950029e-001
3.785834218660468e-009	1.000000e+000	9.951044e-001
3.785934218660467e-009	1.000000e+000	9.951050e-001
3.800548504374697e-009	1.000000e+000	9.952044e-001
3.815162790088927e-009	1.000000e+000	9.953019e-001
3.829777075803157e-009	1.000000e+000	9.953974e-001
3.844391361517386e-009	1.000000e+000	9.954910e-001
3.859005647231616e-009	1.000000e+000	9.955827e-001
3.873619932945845e-009	1.000000e+000	9.956725e-001
3.888234218660076e-009	1.000000e+000	9.957604e-001
3.888334218660075e-009	1.000000e+000	9.957610e-001
3.902948504374305e-009	1.000000e+000	9.958470e-001
3.917562790088535e-009	1.000000e+000	9.959315e-001
3.932177075802765e-009	1.000000e+000	9.960142e-001
3.946791361516994e-009	1.000000e+000	9.960953e-001
3.961405647231224e-009	1.000000e+000	9.961747e-001
3.976019932945453e-009	1.000000e+000	9.962524e-001
3.990634218659683e-009	1.000000e+000	9.963285e-001
3.990734218659683e-009	1.000000e+000	9.963291e-001
4.005348504373913e-009	1.000000e+000	9.964036e-001
4.019962790088142e-009	1.000000e+000	9.964767e-001
4.034577075802373e-009	1.000000e+000	9.965484e-001
4.049191361516602e-009	1.000000e+000	9.966186e-001
4.063805647230832e-009	1.000000e+000	9.966873e-001
4.078419932945061e-009	1.000000e+000	9.967547e-001
4.093034218659291e-009	1.000000e+000	9.968206e-001
4.093134218659291e-009	1.000000e+000	9.968210e-001
4.107748504373521e-009	1.000000e+000	9.968855e-001
4.122362790087750e-009	1.000000e+000	9.969488e-001
4.136977075801980e-009	1.000000e+000	9.970109e-001
4.151591361516210e-009	1.000000e+000	9.970717e-001
4.166205647230440e-009	1.000000e+000	9.971313e-001
4.180819932944669e-009	1.000000e+000	9.971896e-001
4.195434218658899e-009	1.000000e+000	9.972466e-001
4.195534218658899e-009	1.000000e+000	9.972470e-001
4.210148504373129e-009	1.000000e+000	9.973029e-001
4.224762790087358e-009	1.000000e+000	9.973578e-001
4.239377075801588e-009	1.000000e+000	9.974115e-001
4.253991361515818e-009	1.000000e+000	9.974641e-001
4.268605647230048e-009	1.000000e+000	9.975157e-001
4.283219932944277e-009	1.000000e+000	9.975662e-001
4.297834218658507e-009	1.000000e+000	9.976156e-001
4.297934218658507e-009	1.000000e+000	9.976159e-001
4.312548504372737e-009	1.000000e+000	9.976643e-001
4.327162790086966e-009	1.000000e+000	9.977118e-001
4.341777075801196e-009	1.000000e+000	9.977584e-001
4.356391361515425e-009	1.000000e+000	9.978040e-001
4.371005647229656e-009	1.000000e+000	9.978486e-001
4.385619932943885e-009	1.000000e+000	9.978923e-001
4.400234218658115e-009	1.000000e+000	9.979351e-001
4.400334218658115e-009	1.000000e+000	9.979354e-001
4.414948504372345e-009	1.000000e+000	9.979773e-001
4.429562790086574e-009	1.000000e+000	9.980184e-001
4.444177075800804e-009	1.000000e+000	9.980587e-001
4.458791361515033e-009	1.000000e+000	9.980982e-001
4.473405647229263e-009	1.000000e+000	9.981369e-001
4.488019932943493e-009	1.000000e+000	9.981748e-001
4.502634218657723e-009	1.000000e+000	9.982119e-001
4.502734218657722e-009	1.000000e+000	9.982121e-001
4.517348504371953e-009	1.000000e+000	9.982484e-001
4.531962790086182e-009	1.000000e+000	9.982840e-001
4.546577075800412e-009	1.000000e+000	9.983189e-001
4.561191361514641e-009	1.000000e+000	9.983531e-001
4.575805647228871e-009	1.000000e+000	9.983866e-001
4.590419932943101e-009	1.000000e+000	9.984194e-001
4.605034218657331e-009	1.000000e+000	9.984515e-001
4.605134218657330e-009	1.000000e+000	9.984517e-001
4.619748504371560e-009	1.000000e+000	9.984831e-001
4.634362790085790e-009	1.000000e+000	9.985140e-001
4.648977075800020e-009	1.000000e+000	9.985442e-001
4.663591361514249e-009	1.000000e+000	9.985738e-001
4.678205647228479e-009	1.000000e+000	9.986028e-001
4.692819932942709e-009	1.000000e+000	9.986312e-001
4.707434218656939e-009	1.000000e+000	9.986590e-001
4.707534218656938e-009	1.000000e+000	9.986592e-001
4.722148504371168e-009	1.000000e+000	9.986864e-001
4.736762790085398e-009	1.000000e+000	9.987131e-001
4.751377075799628e-009	1.000000e+000	9.987393e-001
4.765991361513857e-009	1.000000e+000	9.987649e-001
4.780605647228087e-009	1.000000e+000	9.987901e-001
4.795219932942316e-009	1.000000e+000	9.988147e-001
4.809834218656547e-009	1.000000e+000	9.988387e-001
4.809934218656546e-009	1.000000e+000	9.988388e-001
4.824548504370776e-009	1.000000e+000	9.988624e-001
4.839162790085006e-009	1.000000e+000	9.988855e-001
4.853777075799236e-009	1.000000e+000	9.989082e-001
4.868391361513465e-009	1.000000e+000	9.989304e-001
4.883005647227695e-009	1.000000e+000	9.989522e-001
4.897619932941924e-009	1.000000e+000	9.989735e-001
4.912234218656154e-009	1.000000e+000	9.989943e-001
4.912334218656154e-009	1.000000e+000	9.989945e-001
4.926948504370384e-009	1.000000e+000	9.990149e-001
4.941562790084613e-009	1.000000e+000	9.990349e-001
4.956177075798844e-009	1.000000e+000	9.990545e-001
4.970791361513073e-009	1.000000e+000	9.990738e-001
4.985405647227303e-009	1.000000e+000	9.990926e-001
5.000019932941532e-009	1.000000e+000	9.991111e-001
5.014634218655762e-009	1.000000e+000	9.991291e-001
5.014734218655762e-009	1.000000e+000	9.991292e-001
5.029348504369992e-009	1.000000e+000	9.991469e-001
5.043962790084221e-009	1.000000e+000	9.991642e-001
5.058577075798451e-009	1.000000e+000	9.991812e-001
5.073191361512681e-009	1.000000e+000	9.991979e-001
5.087805647226911e-009	1.000000e+000	9.992142e-001
5.102419932941140e-009	1.000000e+000	9.992302e-001
5.117034218655370e-009	1.000000e+000	9.992458e-001
5.117134218655370e-009	1.000000e+000	9.992459e-001
5.131748504369600e-009	1.000000e+000	9.992612e-001
5.146362790083829e-009	1.000000e+000	9.992762e-001
5.160977075798059e-009	1.000000e+000	9.992910e-001
5.175591361512289e-009	1.000000e+000	9.993054e-001
5.190205647226519e-009	1.000000e+000	9.993195e-001
5.204819932940748e-009	1.000000e+000	9.993333e-001
5.219434218654978e-009	1.000000e+000	9.993469e-001
5.219534218654978e-009	1.000000e+000	9.993470e-001
5.234148504369208e-009	1.000000e+000	9.993602e-001
5.248762790083437e-009	1.000000e+000	9.993732e-001
5.263377075797667e-009	1.000000e+000	9.993860e-001
5.277991361511897e-009	1.000000e+000	9.993985e-001
5.292605647226127e-009	1.000000e+000	9.994107e-001
5.307219932940356e-009	1.000000e+000	9.994227e-001
5.321834218654586e-009	1.000000e+000	9.994344e-001
5.321934218654586e-009	1.000000e+000	9.994345e-001
5.336548504368816e-009	1.000000e+000	9.994460e-001
5.351162790083045e-009	1.000000e+000	9.994572e-001
5.365777075797275e-009	1.000000e+000	9.994683e-001
5.380391361511504e-009	1.000000e+000	9.994791e-001
5.395005647225735e-009	1.000000e+000	9.994897e-001
5.409619932939964e-009	1.000000e+000	9.995000e-001
5.424234218654194e-009	1.000000e+000	9.995102e-001
5.424334218654194e-009	1.000000e+000	9.995103e-001
5.438948504368424e-009	1.000000e+000	9.995202e-001
5.453562790082653e-009	1.000000e+000	9.995299e-001
5.468177075796883e-009	1.000000e+000	9.995395e-001
5.482791361511112e-009	1.000000e+000	9.995489e-001
5.497405647225342e-009	1.000000e+000	9.995580e-001
5.512019932939572e-009	1.000000e+000	9.995670e-001
5.526634218653802e-009	1.000000e+000	9.995759e-001
5.526734218653801e-009	1.000000e+000	9.995759e-001
5.541348504368032e-009	1.000000e+000	9.995845e-001
5.555962790082261e-009	1.000000e+000	9.995930e-001
5.570577075796491e-009	1.000000e+000	9.996012e-001
5.585191361510720e-009	1.000000e+000	9.996093e-001
5.599805647224950e-009	1.000000e+000	9.996173e-001
5.614419932939180e-009	1.000000e+000	9.996250e-001
5.629034218653410e-009	1.000000e+000	9.996327e-001
5.629134218653409e-009	1.000000e+000	9.996327e-001
5.643748504367639e-009	1.000000e+000	9.996402e-001
5.658362790081869e-009	1.000000e+000	9.996475e-001
5.672977075796099e-009	1.000000e+000	9.996546e-001
5.687591361510328e-009	1.000000e+000	9.996617e-001
5.702205647224558e-009	1.000000e+000	9.996685e-001
5.716819932938787e-009	1.000000e+000	9.996753e-001
5.731434218653018e-009	1.000000e+000	9.996819e-001
5.731534218653017e-009	1.000000e+000	9.996819e-001
5.746148504367247e-009	1.000000e+000	9.996884e-001
5.760762790081477e-009	1.000000e+000	9.996947e-001
5.775377075795707e-009	1.000000e+000	9.997009e-001
5.789991361509936e-009	1.000000e+000	9.997070e-001
5.804605647224166e-009	1.000000e+000	9.997130e-001
5.819219932938395e-009	1.000000e+000	9.997188e-001
5.833834218652625e-009	1.000000e+000	9.997245e-001
5.833934218652625e-009	1.000000e+000	9.997246e-001
5.848548504366855e-009	1.000000e+000	9.997301e-001
5.863162790081084e-009	1.000000e+000	9.997356e-001
5.877777075795315e-009	1.000000e+000	9.997410e-001
5.892391361509544e-009	1.000000e+000	9.997463e-001
5.907005647223774e-009	1.000000e+000	9.997514e-001
5.921619932938003e-009	1.000000e+000	9.997565e-001
5.936234218652233e-009	1.000000e+000	9.997615e-001
5.936334218652233e-009	1.000000e+000	9.997615e-001
5.950948504366463e-009	1.000000e+000	9.997663e-001
5.965562790080692e-009	1.000000e+000	9.997711e-001
5.980177075794923e-009	1.000000e+000	9.997757e-001
5.994791361509152e-009	1.000000e+000	9.997803e-001
6.009405647223382e-009	1.000000e+000	9.997848e-001
6.024019932937611e-009	1.000000e+000	9.997891e-001
6.038634218651841e-009	1.000000e+000	9.997934e-001
6.038734218651841e-009	1.000000e+000	9.997934e-001
6.053348504366071e-009	1.000000e+000	9.997976e-001
6.067962790080300e-009	1.000000e+000	9.998018e-001
6.082577075794530e-009	1.000000e+000	9.998058e-001
6.097191361508760e-009	1.000000e+000	9.998097e-001
6.111805647222990e-009	1.000000e+000	9.998136e-001
6.126419932937219e-009	1.000000e+000	9.998174e-001
6.141034218651449e-009	1.000000e+000	9.998211e-001
6.141134218651449e-009	1.000000e+000	9.998211e-001
6.155748504365679e-009	1.000000e+000	9.998248e-001
6.170362790079908e-009	1.000000e+000	9.998283e-001
6.184977075794138e-009	1.000000e+000	9.998318e-001
6.199591361508368e-009	1.000000e+000	9.998352e-001
6.214205647222598e-009	1.000000e+000	9.998386e-001
6.228819932936827e-009	1.000000e+000	9.998419e-001
6.243434218651057e-009	1.000000e+000	9.998451e-001
6.243534218651057e-009	1.000000e+000	9.998451e-001
6.258148504365287e-009	1.000000e+000	9.998482e-001
6.272762790079516e-009	1.000000e+000	9.998513e-001
6.287377075793746e-009	1.000000e+000	9.998543e-001
6.301991361507975e-009	1.000000e+000	9.998573e-001
6.316605647222206e-009	1.000000e+000	9.998602e-001
6.331219932936435e-009	1.000000e+000	9.998630e-001
6.345834218650665e-009	1.000000e+000	9.998658e-001
6.345934218650665e-009	1.000000e+000	9.998658e-001
6.360548504364895e-009	1.000000e+000	9.998685e-001
6.375162790079124e-009	1.000000e+000	9.998712e-001
6.389777075793354e-009	1.000000e+000	9.998738e-001
6.404391361507583e-009	1.000000e+000	9.998764e-001
6.419005647221813e-009	1.000000e+000	9.998789e-001
6.433619932936043e-009	1.000000e+000	9.998814e-001
6.448234218650273e-009	1.000000e+000	9.998838e-001
6.448334218650272e-009	1.000000e+000	9.998838e-001
6.462948504364503e-009	1.000000e+000	9.998862e-001
6.477562790078732e-009	1.000000e+000	9.998885e-001
6.492177075792962e-009	1.000000e+000	9.998908e-001
6.506791361507191e-009	1.000000e+000	9.998930e-001
6.521405647221421e-009	1.000000e+000	9.998952e-001
6.536019932935651e-009	1.000000e+000	9.998973e-001
6.550634218649881e-009	1.000000e+000	9.998994e-001
6.550734218649880e-009	1.000000e+000	9.998994e-001
6.565348504364110e-009	1.000000e+000	9.999014e-001
6.579962790078340e-009	1.000000e+000	9.999034e-001
6.594577075792570e-009	1.000000e+000	9.999054e-001
6.609191361506799e-009	1.000000e+000	9.999073e-001
6.623805647221029e-009	1.000000e+000	9.999092e-001
6.638419932935259e-009	1.000000e+000	9.999111e-001
6.653034218649489e-009	1.000000e+000	9.999129e-001
6.653134218649488e-009	1.000000e+000	9.999129e-001
6.667748504363718e-009	1.000000e+000	9.999146e-001
6.682362790077948e-009	1.000000e+000	9.999164e-001
6.696977075792178e-009	1.000000e+000	9.999181e-001
6.711591361506407e-009	1.000000e+000	9.999198e-001
6.726205647220637e-009	1.000000e+000	9.999214e-001
6.740819932934866e-009	1.000000e+000	9.999230e-001
6.755434218649097e-009	1.000000e+000	9.999245e-001
6.755534218649096e-009	1.000000e+000	9.999245e-001
6.770148504363326e-009	1.000000e+000	9.999261e-001
6.784762790077556e-009	1.000000e+000	9.999276e-001
6.799377075791786e-009	1.000000e+000	9.999291e-001
6.813991361506015e-009	1.000000e+000	9.999305e-001
6.828605647220245e-009	1.000000e+000	9.999319e-001
6.843219932934474e-009	1.000000e+000	9.999333e-001
6.857834218648704e-009	1.000000e+000	9.999347e-001
6.857934218648704e-009	1.000000e+000	9.999347e-001
6.872548504362934e-009	1.000000e+000	9.999360e-001
6.887162790077163e-009	1.000000e+000	9.999373e-001
6.901777075791394e-009	1.000000e+000	9.999386e-001
6.916391361505623e-009	1.000000e+000	9.999398e-001
6.931005647219853e-009	1.000000e+000	9.999411e-001
6.945619932934082e-009	1.000000e+000	9.999423e-001
6.960234218648312e-009	1.000000e+000	9.999434e-001
6.960334218648312e-009	1.000000e+000	9.999434e-001
6.974948504362542e-009	1.000000e+000	9.999446e-001
6.989562790076771e-009	1.000000e+000	9.999457e-001
7.004177075791001e-009	1.000000e+000	9.999468e-001
7.018791361505231e-009	1.000000e+000	9.999479e-001
7.033405647219461e-009	1.000000e+000	9.999490e-001
7.048019932933690e-009	1.000000e+000	9.999500e-001
7.062634218647920e-009	1.000000e+000	9.999510e-001
7.062734218647920e-009	1.000000e+000	9.999510e-001
7.077348504362150e-009	1.000000e+000	9.999520e-001
7.091962790076379e-009	1.000000e+000	9.999530e-001
7.106577075790609e-009	1.000000e+000	9.999539e-001
7.121191361504839e-009	1.000000e+000	9.999549e-001
7.135805647219069e-009	1.000000e+000	9.999558e-001
7.150419932933298e-009	1.000000e+000	9.999567e-001
7.165034218647528e-009	1.000000e+000	9.999576e-001
7.165134218647528e-009	1.000000e+000	9.999576e-001
7.179748504361758e-009	1.000000e+000	9.999584e-001
7.194362790075987e-009	1.000000e+000	9.999593e-001
7.208977075790217e-009	1.000000e+000	9.999601e-001
7.223591361504447e-009	1.000000e+000	9.999609e-001
7.238205647218677e-009	1.000000e+000	9.999617e-001
7.252819932932906e-009	1.000000e+000	9.999625e-001
7.267434218647136e-009	1.000000e+000	9.999632e-001
7.267534218647136e-009	1.000000e+000	9.999633e-001
7.282148504361366e-009	1.000000e+000	9.999640e-001
7.296762790075595e-009	1.000000e+000	9.999647e-001
7.311377075789825e-009	1.000000e+000	9.999654e-001
7.325991361504054e-009	1.000000e+000	9.999661e-001
7.340605647218285e-009	1.000000e+000	9.999668e-001
7.355219932932514e-009	1.000000e+000	9.999675e-001
7.369834218646744e-009	1.000000e+000	9.999682e-001
7.369934218646744e-009	1.000000e+000	9.999682e-001
7.384548504360999e-009	1.000000e+000	9.999688e-001
7.399162790075254e-009	1.000000e+000	9.999694e-001
7.413777075789510e-009	1.000000e+000	9.999701e-001
7.428391361503765e-009	1.000000e+000	9.999707e-001
7.443005647218021e-009	1.000000e+000	9.999713e-001
7.457619932932276e-009	1.000000e+000	9.999719e-001
7.472234218646531e-009	1.000000e+000	9.999725e-001
7.472334218646532e-009	1.000000e+000	9.999725e-001
7.486948504360883e-009	1.000000e+000	9.999730e-001
7.501562790075233e-009	1.000000e+000	9.999736e-001
7.516177075789584e-009	1.000000e+000	9.999741e-001
7.530791361503934e-009	1.000000e+000	9.999746e-001
7.545405647218284e-009	1.000000e+000	9.999752e-001
7.560019932932635e-009	1.000000e+000	9.999757e-001
7.574634218646986e-009	1.000000e+000	9.999762e-001
7.574734218646987e-009	1.000000e+000	9.999762e-001
7.677134218647442e-009	1.000000e+000	9.999793e-001
7.779534218647897e-009	1.000000e+000	9.999821e-001
7.881934218648351e-009	1.000000e+000	9.999845e-001
7.984334218648806e-009	1.000000e+000	9.999866e-001
8.086734218649261e-009	1.000000e+000	9.999884e-001
8.189134218649716e-009	1.000000e+000	9.999899e-001
8.291534218650171e-009	1.000000e+000	9.999913e-001
8.393934218650626e-009	1.000000e+000	9.999924e-001
8.496334218651081e-009	1.000000e+000	9.999934e-001
8.598734218651536e-009	1.000000e+000	9.999943e-001
8.701134218651991e-009	1.000000e+000	9.999951e-001
8.803534218652446e-009	1.000000e+000	9.999958e-001
8.905934218652901e-009	1.000000e+000	9.999963e-001
9.008334218653356e-009	1.000000e+000	9.999968e-001
9.110734218653811e-009	1.000000e+000	9.999973e-001
9.213134218654265e-009	1.000000e+000	9.999976e-001
9.315534218654720e-009	1.000000e+000	9.999979e-001
9.417934218655175e-009	1.000000e+000	9.999982e-001
9.520334218655630e-009	1.000000e+000	9.999985e-001
9.622734218656085e-009	1.000000e+000	9.999986e-001
9.650000001000001e-009	1.000000e+000	9.999987e-001
9.650000002000001e-009	0.000000e+000	9.999987e-001
9.722767774105357e-009	0.000000e+000	9.028075e-001
9.737382059819708e-009	0.000000e+000	8.844764e-001
9.751996345534058e-009	0.000000e+000	8.664997e-001
9.766610631248409e-009	0.000000e+000	8.488775e-001
9.781224916962759e-009	0.000000e+000	8.316098e-001
9.795839202677109e-009	0.000000e+000	8.146965e-001
9.810453488391460e-009	0.000000e+000	7.981377e-001
9.825067774105811e-009	0.000000e+000	7.819333e-001
9.825167774105812e-009	0.000000e+000	7.818235e-001
9.839782059820162e-009	0.000000e+000	7.659489e-001
9.854396345534513e-009	0.000000e+000	7.503812e-001
9.869010631248864e-009	0.000000e+000	7.351206e-001
9.883624916963213e-009	0.000000e+000	7.201669e-001
9.898239202677564e-009	0.000000e+000	7.055201e-001
9.912853488391915e-009	0.000000e+000	6.911803e-001
9.927467774106266e-009	0.000000e+000	6.771474e-001
9.927567774106267e-009	0.000000e+000	6.770523e-001
9.942182059820617e-009	0.000000e+000	6.633051e-001
9.956796345534968e-009	0.000000e+000	6.498237e-001
9.971410631249319e-009	0.000000e+000	6.366081e-001
9.986024916963668e-009	0.000000e+000	6.236583e-001
1.000063920267802e-008	0.000000e+000	6.109743e-001
1.001525348839237e-008	0.000000e+000	5.985561e-001
1.002986777410672e-008	0.000000e+000	5.864038e-001
1.002996777410672e-008	0.000000e+000	5.863214e-001
1.004458205982107e-008	0.000000e+000	5.744164e-001
1.005919634553542e-008	0.000000e+000	5.627417e-001
1.007381063124977e-008	0.000000e+000	5.512971e-001
1.008842491696412e-008	0.000000e+000	5.400827e-001
1.010303920267847e-008	0.000000e+000	5.290985e-001
1.011765348839283e-008	0.000000e+000	5.183444e-001
1.013226777410718e-008	0.000000e+000	5.078206e-001
1.013236777410718e-008	0.000000e+000	5.077493e-001
1.014698205982153e-008	0.000000e+000	4.974396e-001
1.016159634553588e-008	0.000000e+000	4.873294e-001
1.017621063125023e-008	0.000000e+000	4.774185e-001
1.019082491696458e-008	0.000000e+000	4.677069e-001
1.020543920267893e-008	0.000000e+000	4.581947e-001
1.022005348839328e-008	0.000000e+000	4.488818e-001
1.023466777410763e-008	0.000000e+000	4.397683e-001
1.023476777410763e-008	0.000000e+000	4.397065e-001
1.024938205982198e-008	0.000000e+000	4.307784e-001
1.026399634553633e-008	0.000000e+000	4.220230e-001
1.027861063125068e-008	0.000000e+000	4.134403e-001
1.029322491696503e-008	0.000000e+000	4.050301e-001
1.030783920267938e-008	0.000000e+000	3.967926e-001
1.032245348839374e-008	0.000000e+000	3.887277e-001
1.033706777410809e-008	0.000000e+000	3.808355e-001
1.033716777410809e-008	0.000000e+000	3.807820e-001
1.035178205982244e-008	0.000000e+000	3.730504e-001
1.036639634553679e-008	0.000000e+000	3.654683e-001
1.038101063125114e-008	0.000000e+000	3.580357e-001
1.039562491696549e-008	0.000000e+000	3.507526e-001
1.041023920267984e-008	0.000000e+000	3.436189e-001
1.042485348839419e-008	0.000000e+000	3.366348e-001
1.043946777410854e-008	0.000000e+000	3.298002e-001
1.043956777410854e-008	0.000000e+000	3.297539e-001
1.045418205982289e-008	0.000000e+000	3.230584e-001
1.046879634553724e-008	0.000000e+000	3.164924e-001
1.048341063125159e-008	0.000000e+000	3.100558e-001
1.049802491696594e-008	0.000000e+000	3.037487e-001
1.051263920268029e-008	0.000000e+000	2.975710e-001
1.052725348839465e-008	0.000000e+000	2.915229e-001
1.054186777410900e-008	0.000000e+000	2.856041e-001
1.054196777410900e-008	0.000000e+000	2.855640e-001
1.055658205982335e-008	0.000000e+000	2.797658e-001
1.057119634553770e-008	0.000000e+000	2.740796e-001
1.058581063125205e-008	0.000000e+000	2.685056e-001
1.060042491696640e-008	0.000000e+000	2.630437e-001
1.061503920268075e-008	0.000000e+000	2.576939e-001
1.062965348839510e-008	0.000000e+000	2.524563e-001
1.064426777410945e-008	0.000000e+000	2.473307e-001
1.064436777410945e-008	0.000000e+000	2.472960e-001
1.065898205982380e-008	0.000000e+000	2.422747e-001
1.067359634553815e-008	0.000000e+000	2.373506e-001
1.068821063125250e-008	0.000000e+000	2.325235e-001
1.070282491696685e-008	0.000000e+000	2.277936e-001
1.071743920268120e-008	0.000000e+000	2.231607e-001
1.073205348839556e-008	0.000000e+000	2.186249e-001
1.074666777410991e-008	0.000000e+000	2.141863e-001
1.074676777410991e-008	0.000000e+000	2.141562e-001
1.076138205982426e-008	0.000000e+000	2.098078e-001
1.077599634553861e-008	0.000000e+000	2.055435e-001
1.079061063125296e-008	0.000000e+000	2.013634e-001
1.080522491696731e-008	0.000000e+000	1.972673e-001
1.081983920268166e-008	0.000000e+000	1.932552e-001
1.083445348839601e-008	0.000000e+000	1.893273e-001
1.084906777411036e-008	0.000000e+000	1.854834e-001
1.084916777411036e-008	0.000000e+000	1.854574e-001
1.086378205982471e-008	0.000000e+000	1.816917e-001
1.087839634553906e-008	0.000000e+000	1.779989e-001
1.089301063125341e-008	0.000000e+000	1.743789e-001
1.090762491696776e-008	0.000000e+000	1.708317e-001
1.092223920268211e-008	0.000000e+000	1.673574e-001
1.093685348839646e-008	0.000000e+000	1.639558e-001
1.095146777411082e-008	0.000000e+000	1.606270e-001
1.095156777411082e-008	0.000000e+000	1.606045e-001
1.096618205982517e-008	0.000000e+000	1.573435e-001
1.098079634553952e-008	0.000000e+000	1.541455e-001
1.099541063125387e-008	0.000000e+000	1.510106e-001
1.101002491696822e-008	0.000000e+000	1.479388e-001
1.102463920268257e-008	0.000000e+000	1.449300e-001
1.103925348839692e-008	0.000000e+000	1.419843e-001
1.105386777411127e-008	0.000000e+000	1.391016e-001
1.105396777411127e-008	0.000000e+000	1.390821e-001
1.106858205982562e-008	0.000000e+000	1.362581e-001
1.108319634553997e-008	0.000000e+000	1.334887e-001
1.109781063125432e-008	0.000000e+000	1.307739e-001
1.111242491696867e-008	0.000000e+000	1.281137e-001
1.112703920268302e-008	0.000000e+000	1.255081e-001
1.114165348839737e-008	0.000000e+000	1.229572e-001
1.115626777411173e-008	0.000000e+000	1.204608e-001
1.115636777411173e-008	0.000000e+000	1.204439e-001
1.117098205982608e-008	0.000000e+000	1.179983e-001
1.118559634554043e-008	0.000000e+000	1.156001e-001
1.120021063125478e-008	0.000000e+000	1.132491e-001
1.121482491696913e-008	0.000000e+000	1.109454e-001
1.122943920268348e-008	0.000000e+000	1.086890e-001
1.124405348839783e-008	0.000000e+000	1.064798e-001
1.125866777411218e-008	0.000000e+000	1.043180e-001
1.125876777411218e-008	0.000000e+000	1.043034e-001
1.127338205982653e-008	0.000000e+000	1.021855e-001
1.128799634554088e-008	0.000000e+000	1.001086e-001
1.130261063125523e-008	0.000000e+000	9.807271e-002
1.131722491696958e-008	0.000000e+000	9.607773e-002
1.133183920268393e-008	0.000000e+000	9.412370e-002
1.134645348839828e-008	0.000000e+000	9.221062e-002
1.136106777411264e-008	0.000000e+000	9.033849e-002
1.136116777411264e-008	0.000000e+000	9.032580e-002
1.137578205982699e-008	0.000000e+000	8.849178e-002
1.139039634554134e-008	0.000000e+000	8.669322e-002
1.140501063125569e-008	0.000000e+000	8.493012e-002
1.141962491697004e-008	0.000000e+000	8.320248e-002
1.143423920268439e-008	0.000000e+000	8.151031e-002
1.144885348839874e-008	0.000000e+000	7.985360e-002
1.146346777411309e-008	0.000000e+000	7.823235e-002
1.146356777411309e-008	0.000000e+000	7.822136e-002
1.147818205982744e-008	0.000000e+000	7.663311e-002
1.149279634554179e-008	0.000000e+000	7.507557e-002
1.150741063125614e-008	0.000000e+000	7.354874e-002
1.152202491697049e-008	0.000000e+000	7.205262e-002
1.153663920268484e-008	0.000000e+000	7.058722e-002
1.155125348839919e-008	0.000000e+000	6.915252e-002
1.156586777411355e-008	0.000000e+000	6.774854e-002
1.156596777411355e-008	0.000000e+000	6.773902e-002
1.158058205982790e-008	0.000000e+000	6.636361e-002
1.159519634554225e-008	0.000000e+000	6.501480e-002
1.160981063125660e-008	0.000000e+000	6.369258e-002
1.162442491697095e-008	0.000000e+000	6.239695e-002
1.163903920268530e-008	0.000000e+000	6.112792e-002
1.165365348839965e-008	0.000000e+000	5.988549e-002
1.166826777411400e-008	0.000000e+000	5.866965e-002
1.166836777411400e-008	0.000000e+000	5.866140e-002
1.168298205982835e-008	0.000000e+000	5.747031e-002
1.169759634554270e-008	0.000000e+000	5.630225e-002
1.171221063125705e-008	0.000000e+000	5.515722e-002
1.172682491697140e-008	0.000000e+000	5.403522e-002
1.174143920268575e-008	0.000000e+000	5.293625e-002
1.175605348840010e-008	0.000000e+000	5.186031e-002
1.177066777411446e-008	0.000000e+000	5.080741e-002
1.177076777411446e-008	0.000000e+000	5.080026e-002
1.178538205982881e-008	0.000000e+000	4.976879e-002
1.179999634554316e-008	0.000000e+000	4.875726e-002
1.181461063125751e-008	0.000000e+000	4.776567e-002
1.182922491697186e-008	0.000000e+000	4.679403e-002
1.184383920268621e-008	0.000000e+000	4.584233e-002
1.185845348840056e-008	0.000000e+000	4.491058e-002
1.187306777411491e-008	0.000000e+000	4.399877e-002
1.187316777411491e-008	0.000000e+000	4.399259e-002
1.188778205982926e-008	0.000000e+000	4.309934e-002
1.190239634554361e-008	0.000000e+000	4.222336e-002
1.191701063125796e-008	0.000000e+000	4.136466e-002
1.193162491697231e-008	0.000000e+000	4.052322e-002
1.194623920268666e-008	0.000000e+000	3.969906e-002
1.196085348840101e-008	0.000000e+000	3.889217e-002
1.197546777411537e-008	0.000000e+000	3.810255e-002
1.197556777411537e-008	0.000000e+000	3.809720e-002
1.199018205982972e-008	0.000000e+000	3.732365e-002
1.200479634554407e-008	0.000000e+000	3.656506e-002
1.201941063125842e-008	0.000000e+000	3.582143e-002
1.203402491697277e-008	0.000000e+000	3.509276e-002
1.204863920268712e-008	0.000000e+000	3.437904e-002
1.206325348840147e-008	0.000000e+000	3.368028e-002
1.207786777411582e-008	0.000000e+000	3.299648e-002
1.207796777411582e-008	0.000000e+000	3.299185e-002
1.209258205983017e-008	0.000000e+000	3.232196e-002
1.210719634554452e-008	0.000000e+000	3.166503e-002
1.212181063125887e-008	0.000000e+000	3.102105e-002
1.213642491697322e-008	0.000000e+000	3.039003e-002
1.215103920268757e-008	0.000000e+000	2.977195e-002
1.216565348840192e-008	0.000000e+000	2.916683e-002
1.218026777411627e-008	0.000000e+000	2.857467e-002
1.218036777411628e-008	0.000000e+000	2.857065e-002
1.219498205983063e-008	0.000000e+000	2.799054e-002
1.220959634554498e-008	0.000000e+000	2.742164e-002
1.222421063125933e-008	0.000000e+000	2.686396e-002
1.223882491697368e-008	0.000000e+000	2.631750e-002
1.225343920268803e-008	0.000000e+000	2.578225e-002
1.226805348840238e-008	0.000000e+000	2.525823e-002
1.228266777411673e-008	0.000000e+000	2.474541e-002
1.228276777411673e-008	0.000000e+000	2.474194e-002
1.229738205983108e-008	0.000000e+000	2.423956e-002
1.231199634554543e-008	0.000000e+000	2.374690e-002
1.232661063125978e-008	0.000000e+000	2.326396e-002
1.234122491697413e-008	0.000000e+000	2.279073e-002
1.235583920268848e-008	0.000000e+000	2.232721e-002
1.237045348840283e-008	0.000000e+000	2.187340e-002
1.238506777411718e-008	0.000000e+000	2.142931e-002
1.238516777411719e-008	0.000000e+000	2.142630e-002
1.239978205983154e-008	0.000000e+000	2.099125e-002
1.241439634554589e-008	0.000000e+000	2.056461e-002
1.242901063126024e-008	0.000000e+000	2.014639e-002
1.244362491697459e-008	0.000000e+000	1.973657e-002
1.245823920268894e-008	0.000000e+000	1.933517e-002
1.247285348840329e-008	0.000000e+000	1.894218e-002
1.248746777411764e-008	0.000000e+000	1.855760e-002
1.248756777411764e-008	0.000000e+000	1.855499e-002
1.250218205983199e-008	0.000000e+000	1.817824e-002
1.251679634554634e-008	0.000000e+000	1.780878e-002
1.253141063126069e-008	0.000000e+000	1.744660e-002
1.254602491697504e-008	0.000000e+000	1.709170e-002
1.256063920268939e-008	0.000000e+000	1.674409e-002
1.257525348840374e-008	0.000000e+000	1.640376e-002
1.258986777411809e-008	0.000000e+000	1.607072e-002
1.258996777411810e-008	0.000000e+000	1.606846e-002
1.260458205983245e-008	0.000000e+000	1.574220e-002
1.261919634554680e-008	0.000000e+000	1.542225e-002
1.263381063126115e-008	0.000000e+000	1.510860e-002
1.264842491697550e-008	0.000000e+000	1.480126e-002
1.266303920268985e-008	0.000000e+000	1.450024e-002
1.267765348840420e-008	0.000000e+000	1.420552e-002
1.269226777411855e-008	0.000000e+000	1.391710e-002
1.269236777411855e-008	0.000000e+000	1.391515e-002
1.270698205983290e-008	0.000000e+000	1.363261e-002
1.272159634554725e-008	0.000000e+000	1.335553e-002
1.273621063126160e-008	0.000000e+000	1.308392e-002
1.275082491697595e-008	0.000000e+000	1.281777e-002
1.276543920269030e-008	0.000000e+000	1.255708e-002
1.278005348840465e-008	0.000000e+000	1.230185e-002
1.279466777411900e-008	0.000000e+000	1.205209e-002
1.279476777411900e-008	0.000000e+000	1.205040e-002
1.280938205983336e-008	0.000000e+000	1.180572e-002
1.282399634554771e-008	0.000000e+000	1.156577e-002
1.283861063126206e-008	0.000000e+000	1.133056e-002
1.285322491697641e-008	0.000000e+000	1.110007e-002
1.286783920269076e-008	0.000000e+000	1.087432e-002
1.288245348840511e-008	0.000000e+000	1.065330e-002
1.289706777411946e-008	0.000000e+000	1.043701e-002
1.289716777411946e-008	0.000000e+000	1.043554e-002
1.291178205983381e-008	0.000000e+000	1.022365e-002
1.292639634554816e-008	0.000000e+000	1.001586e-002
1.294101063126251e-008	0.000000e+000	9.812165e-003
1.295562491697686e-008	0.000000e+000	9.612567e-003
1.297023920269121e-008	0.000000e+000	9.417067e-003
1.298485348840556e-008	0.000000e+000	9.225663e-003
1.299946777411991e-008	0.000000e+000	9.038357e-003
1.299956777411991e-008	0.000000e+000	9.037088e-003
1.301418205983427e-008	0.000000e+000	8.853593e-003
1.302879634554862e-008	0.000000e+000	8.673647e-003
1.304341063126297e-008	0.000000e+000	8.497250e-003
1.305802491697732e-008	0.000000e+000	8.324400e-003
1.307263920269167e-008	0.000000e+000	8.155098e-003
1.308725348840602e-008	0.000000e+000	7.989345e-003
1.310186777412037e-008	0.000000e+000	7.827139e-003
1.310196777412037e-008	0.000000e+000	7.826040e-003
1.311658205983472e-008	0.000000e+000	7.667135e-003
1.313119634554907e-008	0.000000e+000	7.511304e-003
1.314581063126342e-008	0.000000e+000	7.358545e-003
1.316042491697777e-008	0.000000e+000	7.208858e-003
1.317503920269212e-008	0.000000e+000	7.062244e-003
1.318965348840647e-008	0.000000e+000	6.918703e-003
1.320426777412082e-008	0.000000e+000	6.778235e-003
1.320436777412082e-008	0.000000e+000	6.777282e-003
1.321898205983518e-008	0.000000e+000	6.639673e-003
1.323359634554953e-008	0.000000e+000	6.504724e-003
1.324821063126388e-008	0.000000e+000	6.372436e-003
1.326282491697823e-008	0.000000e+000	6.242809e-003
1.327743920269258e-008	0.000000e+000	6.115843e-003
1.329205348840693e-008	0.000000e+000	5.991537e-003
1.330666777412128e-008	0.000000e+000	5.869892e-003
1.330676777412128e-008	0.000000e+000	5.869068e-003
1.332138205983563e-008	0.000000e+000	5.749899e-003
1.333599634554998e-008	0.000000e+000	5.633035e-003
1.335061063126433e-008	0.000000e+000	5.518474e-003
1.336522491697868e-008	0.000000e+000	5.406218e-003
1.337983920269303e-008	0.000000e+000	5.296267e-003
1.339445348840738e-008	0.000000e+000	5.188619e-003
1.340906777412173e-008	0.000000e+000	5.083276e-003
1.340916777412173e-008	0.000000e+000	5.082562e-003
1.342378205983609e-008	0.000000e+000	4.979363e-003
1.343839634555044e-008	0.000000e+000	4.878159e-003
1.345301063126479e-008	0.000000e+000	4.778951e-003
1.346762491697914e-008	0.000000e+000	4.681738e-003
1.348223920269349e-008	0.000000e+000	4.586521e-003
1.349685348840784e-008	0.000000e+000	4.493299e-003
1.351146777412219e-008	0.000000e+000	4.402073e-003
1.351156777412219e-008	0.000000e+000	4.401454e-003
1.352618205983654e-008	0.000000e+000	4.312085e-003
1.354079634555089e-008	0.000000e+000	4.224443e-003
1.355541063126524e-008	0.000000e+000	4.138530e-003
1.357002491697959e-008	0.000000e+000	4.054345e-003
1.358463920269394e-008	0.000000e+000	3.971887e-003
1.359925348840829e-008	0.000000e+000	3.891158e-003
1.361386777412264e-008	0.000000e+000	3.812157e-003
1.361396777412264e-008	0.000000e+000	3.811621e-003
1.362858205983700e-008	0.000000e+000	3.734228e-003
1.364319634555135e-008	0.000000e+000	3.658331e-003
1.365781063126570e-008	0.000000e+000	3.583931e-003
1.367242491698005e-008	0.000000e+000	3.511027e-003
1.368703920269440e-008	0.000000e+000	3.439620e-003
1.370165348840875e-008	0.000000e+000	3.369709e-003
1.371626777412310e-008	0.000000e+000	3.301295e-003
1.371636777412310e-008	0.000000e+000	3.300831e-003
1.373098205983745e-008	0.000000e+000	3.233809e-003
1.374559634555180e-008	0.000000e+000	3.168083e-003
1.376021063126615e-008	0.000000e+000	3.103653e-003
1.377482491698050e-008	0.000000e+000	3.040519e-003
1.378943920269485e-008	0.000000e+000	2.978681e-003
1.380405348840920e-008	0.000000e+000	2.918139e-003
1.381866777412355e-008	0.000000e+000	2.858893e-003
1.381876777412355e-008	0.000000e+000	2.858491e-003
1.383338205983791e-008	0.000000e+000	2.800451e-003
1.384799634555226e-008	0.000000e+000	2.743533e-003
1.386261063126661e-008	0.000000e+000	2.687737e-003
1.387722491698096e-008	0.000000e+000	2.633063e-003
1.389183920269531e-008	0.000000e+000	2.579512e-003
1.390645348840966e-008	0.000000e+000	2.527083e-003
1.392106777412401e-008	0.000000e+000	2.475776e-003
1.392116777412401e-008	0.000000e+000	2.475428e-003
1.393578205983836e-008	0.000000e+000	2.425166e-003
1.395039634555271e-008	0.000000e+000	2.375875e-003
1.396501063126706e-008	0.000000e+000	2.327557e-003
1.397962491698141e-008	0.000000e+000	2.280210e-003
1.399423920269576e-008	0.000000e+000	2.233835e-003
1.400885348841011e-008	0.000000e+000	2.188432e-003
1.402346777412446e-008	0.000000e+000	2.144001e-003
1.402356777412446e-008	0.000000e+000	2.143699e-003
1.403818205983881e-008	0.000000e+000	2.100173e-003
1.405279634555317e-008	0.000000e+000	2.057487e-003
1.406741063126752e-008	0.000000e+000	2.015644e-003
1.408202491698187e-008	0.000000e+000	1.974642e-003
1.409663920269622e-008	0.000000e+000	1.934482e-003
1.411125348841057e-008	0.000000e+000	1.895163e-003
1.412586777412492e-008	0.000000e+000	1.856686e-003
1.412596777412492e-008	0.000000e+000	1.856425e-003
1.414058205983927e-008	0.000000e+000	1.818731e-003
1.415519634555362e-008	0.000000e+000	1.781766e-003
1.416981063126797e-008	0.000000e+000	1.745530e-003
1.418442491698232e-008	0.000000e+000	1.710023e-003
1.419903920269667e-008	0.000000e+000	1.675244e-003
1.421365348841102e-008	0.000000e+000	1.641195e-003
1.422826777412537e-008	0.000000e+000	1.607874e-003
1.422836777412537e-008	0.000000e+000	1.607648e-003
1.424298205983972e-008	0.000000e+000	1.575006e-003
1.425759634555408e-008	0.000000e+000	1.542994e-003
1.427221063126843e-008	0.000000e+000	1.511614e-003
1.428682491698278e-008	0.000000e+000	1.480865e-003
1.430143920269713e-008	0.000000e+000	1.450747e-003
1.431605348841148e-008	0.000000e+000	1.421260e-003
1.433066777412583e-008	0.000000e+000	1.392405e-003
1.433076777412583e-008	0.000000e+000	1.392209e-003
1.434538205984018e-008	0.000000e+000	1.363941e-003
1.435999634555453e-008	0.000000e+000	1.336220e-003
1.437461063126888e-008	0.000000e+000	1.309045e-003
1.438922491698323e-008	0.000000e+000	1.282416e-003
1.440383920269758e-008	0.000000e+000	1.256334e-003
1.441845348841193e-008	0.000000e+000	1.230799e-003
1.443306777412628e-008	0.000000e+000	1.205811e-003
1.443316777412628e-008	0.000000e+000	1.205641e-003
1.444778205984063e-008	0.000000e+000	1.181161e-003
1.446239634555499e-008	0.000000e+000	1.157155e-003
1.447701063126934e-008	0.000000e+000	1.133621e-003
1.449162491698369e-008	0.000000e+000	1.110561e-003
1.450623920269804e-008	0.000000e+000	1.087975e-003
1.452085348841239e-008	0.000000e+000	1.065861e-003
1.453546777412674e-008	0.000000e+000	1.044222e-003
1.453556777412674e-008	0.000000e+000	1.044075e-003
1.455018205984109e-008	0.000000e+000	1.022875e-003
1.456479634555544e-008	0.000000e+000	1.002086e-003
1.457941063126979e-008	0.000000e+000	9.817062e-004
1.459402491698414e-008	0.000000e+000	9.617365e-004
1.460863920269849e-008	0.000000e+000	9.421767e-004
1.462325348841284e-008	0.000000e+000	9.230268e-004
1.463786777412719e-008	0.000000e+000	9.042868e-004
1.463796777412719e-008	0.000000e+000	9.041597e-004
1.465258205984154e-008	0.000000e+000	8.858012e-004
1.466719634555590e-008	0.000000e+000	8.677976e-004
1.468181063127025e-008	0.000000e+000	8.501490e-004
1.469642491698460e-008	0.000000e+000	8.328554e-004
1.471103920269895e-008	0.000000e+000	8.159168e-004
1.472565348841330e-008	0.000000e+000	7.993332e-004
1.474026777412765e-008	0.000000e+000	7.831045e-004
1.474036777412765e-008	0.000000e+000	7.829945e-004
1.475498205984200e-008	0.000000e+000	7.670961e-004
1.476959634555635e-008	0.000000e+000	7.515052e-004
1.478421063127070e-008	0.000000e+000	7.362217e-004
1.479882491698505e-008	0.000000e+000	7.212456e-004
1.481343920269940e-008	0.000000e+000	7.065769e-004
1.482805348841375e-008	0.000000e+000	6.922156e-004
1.484266777412810e-008	0.000000e+000	6.781617e-004
1.484276777412810e-008	0.000000e+000	6.780665e-004
1.485738205984235e-008	0.000000e+000	6.642986e-004
1.487199634555660e-008	0.000000e+000	6.507970e-004
1.488661063127084e-008	0.000000e+000	6.375616e-004
1.490122491698509e-008	0.000000e+000	6.245924e-004
1.491583920269934e-008	0.000000e+000	6.118895e-004
1.493045348841359e-008	0.000000e+000	5.994527e-004
1.494506777412783e-008	0.000000e+000	5.872822e-004
1.494516777412783e-008	0.000000e+000	5.871996e-004
1.495978205984194e-008	0.000000e+000	5.752768e-004
1.497439634555605e-008	0.000000e+000	5.635846e-004
1.498901063127016e-008	0.000000e+000	5.521229e-004
1.500362491698426e-008	0.000000e+000	5.408916e-004
1.501823920269837e-008	0.000000e+000	5.298910e-004
1.503285348841248e-008	0.000000e+000	5.191208e-004
1.504746777412659e-008	0.000000e+000	5.085812e-004
1.504756777412659e-008	0.000000e+000	5.085098e-004
1.506218205984070e-008	0.000000e+000	4.981847e-004
1.507679634555481e-008	0.000000e+000	4.880593e-004
1.509141063126892e-008	0.000000e+000	4.781336e-004
1.510602491698302e-008	0.000000e+000	4.684074e-004
1.512063920269713e-008	0.000000e+000	4.588810e-004
1.513525348841124e-008	0.000000e+000	4.495541e-004
1.514986777412535e-008	0.000000e+000	4.404270e-004
1.514996777412535e-008	0.000000e+000	4.403651e-004
1.516458205983946e-008	0.000000e+000	4.314237e-004
1.517919634555357e-008	0.000000e+000	4.226552e-004
1.519381063126768e-008	0.000000e+000	4.140595e-004
1.520842491698178e-008	0.000000e+000	4.056368e-004
1.522303920269589e-008	0.000000e+000	3.973869e-004
1.523765348841000e-008	0.000000e+000	3.893100e-004
1.525226777412411e-008	0.000000e+000	3.814059e-004
1.525236777412411e-008	0.000000e+000	3.813524e-004
1.526698205983822e-008	0.000000e+000	3.736092e-004
1.528159634555233e-008	0.000000e+000	3.660157e-004
1.529621063126644e-008	0.000000e+000	3.585719e-004
1.531082491698055e-008	0.000000e+000	3.512779e-004
1.532543920269465e-008	0.000000e+000	3.441336e-004
1.534005348840876e-008	0.000000e+000	3.371391e-004
1.535466777412287e-008	0.000000e+000	3.302942e-004
1.535476777412287e-008	0.000000e+000	3.302478e-004
1.536938205983698e-008	0.000000e+000	3.235423e-004
1.538399634555109e-008	0.000000e+000	3.169664e-004
1.539861063126520e-008	0.000000e+000	3.105202e-004
1.541322491697931e-008	0.000000e+000	3.042037e-004
1.542783920269342e-008	0.000000e+000	2.980168e-004
1.544245348840752e-008	0.000000e+000	2.919595e-004
1.545706777412163e-008	0.000000e+000	2.860319e-004
1.545716777412163e-008	0.000000e+000	2.859918e-004
1.547178205983574e-008	0.000000e+000	2.801848e-004
1.548639634554985e-008	0.000000e+000	2.744902e-004
1.550101063126396e-008	0.000000e+000	2.689078e-004
1.551562491697807e-008	0.000000e+000	2.634377e-004
1.553023920269218e-008	0.000000e+000	2.580799e-004
1.554485348840629e-008	0.000000e+000	2.528344e-004
1.555946777412040e-008	0.000000e+000	2.477012e-004
1.555956777412039e-008	0.000000e+000	2.476664e-004
1.557418205983450e-008	0.000000e+000	2.426376e-004
1.558879634554861e-008	0.000000e+000	2.377061e-004
1.560341063126272e-008	0.000000e+000	2.328718e-004
1.561802491697683e-008	0.000000e+000	2.281348e-004
1.563263920269094e-008	0.000000e+000	2.234950e-004
1.564725348840505e-008	0.000000e+000	2.189524e-004
1.566186777411916e-008	0.000000e+000	2.145071e-004
1.566196777411915e-008	0.000000e+000	2.144769e-004
1.567658205983326e-008	0.000000e+000	2.101221e-004
1.569119634554737e-008	0.000000e+000	2.058514e-004
1.570581063126148e-008	0.000000e+000	2.016650e-004
1.572042491697559e-008	0.000000e+000	1.975627e-004
1.573503920268970e-008	0.000000e+000	1.935447e-004
1.574965348840381e-008	0.000000e+000	1.896109e-004
1.576426777411792e-008	0.000000e+000	1.857613e-004
1.576436777411792e-008	0.000000e+000	1.857352e-004
1.577898205983203e-008	0.000000e+000	1.819639e-004
1.579359634554613e-008	0.000000e+000	1.782656e-004
1.580821063126024e-008	0.000000e+000	1.746401e-004
1.582282491697435e-008	0.000000e+000	1.710876e-004
1.583743920268846e-008	0.000000e+000	1.676080e-004
1.585205348840257e-008	0.000000e+000	1.642014e-004
1.586666777411668e-008	0.000000e+000	1.608676e-004
1.586676777411668e-008	0.000000e+000	1.608450e-004
1.588138205983079e-008	0.000000e+000	1.575792e-004
1.589599634554490e-008	0.000000e+000	1.543764e-004
1.591061063125900e-008	0.000000e+000	1.512368e-004
1.592522491697311e-008	0.000000e+000	1.481604e-004
1.593983920268722e-008	0.000000e+000	1.451471e-004
1.595445348840133e-008	0.000000e+000	1.421970e-004
1.596906777411544e-008	0.000000e+000	1.393100e-004
1.596916777411544e-008	0.000000e+000	1.392904e-004
1.598378205982955e-008	0.000000e+000	1.364622e-004
1.599839634554366e-008	0.000000e+000	1.336886e-004
1.601301063125777e-008	0.000000e+000	1.309698e-004
1.602762491697187e-008	0.000000e+000	1.283056e-004
1.604223920268598e-008	0.000000e+000	1.256961e-004
1.605685348840009e-008	0.000000e+000	1.231413e-004
1.607146777411420e-008	0.000000e+000	1.206412e-004
1.607156777411420e-008	0.000000e+000	1.206243e-004
1.608618205982831e-008	0.000000e+000	1.181751e-004
1.610079634554242e-008	0.000000e+000	1.157732e-004
1.611541063125653e-008	0.000000e+000	1.134187e-004
1.613002491697063e-008	0.000000e+000	1.111116e-004
1.614463920268474e-008	0.000000e+000	1.088518e-004
1.615925348839885e-008	0.000000e+000	1.066393e-004
1.617386777411296e-008	0.000000e+000	1.044743e-004
1.617396777411296e-008	0.000000e+000	1.044596e-004
1.618858205982707e-008	0.000000e+000	1.023386e-004
1.620319634554118e-008	0.000000e+000	1.002586e-004
1.621781063125529e-008	0.000000e+000	9.821961e-005
1.623242491696939e-008	0.000000e+000	9.622164e-005
1.624703920268350e-008	0.000000e+000	9.426468e-005
1.626165348839761e-008	0.000000e+000	9.234874e-005
1.627626777411172e-008	0.000000e+000	9.047380e-005
1.627636777411172e-008	0.000000e+000	9.046109e-005
1.629098205982583e-008	0.000000e+000	8.862432e-005
1.630559634553994e-008	0.000000e+000	8.682307e-005
1.632021063125405e-008	0.000000e+000	8.505733e-005
1.633482491696815e-008	0.000000e+000	8.332711e-005
1.634943920268226e-008	0.000000e+000	8.163240e-005
1.636405348839637e-008	0.000000e+000	7.997321e-005
1.637866777411048e-008	0.000000e+000	7.834953e-005
1.637876777411048e-008	0.000000e+000	7.833853e-005
1.639338205982459e-008	0.000000e+000	7.674790e-005
1.640799634553870e-008	0.000000e+000	7.518803e-005
1.642261063125281e-008	0.000000e+000	7.365891e-005
1.643722491696691e-008	0.000000e+000	7.216055e-005
1.645183920268102e-008	0.000000e+000	7.069295e-005
1.646645348839513e-008	0.000000e+000	6.925610e-005
1.648106777410924e-008	0.000000e+000	6.785001e-005
1.648116777410924e-008	0.000000e+000	6.784048e-005
1.649578205982335e-008	0.000000e+000	6.646301e-005
1.651039634553746e-008	0.000000e+000	6.511218e-005
1.652501063125157e-008	0.000000e+000	6.378798e-005
1.653962491696568e-008	0.000000e+000	6.249041e-005
1.655423920267979e-008	0.000000e+000	6.121948e-005
1.656885348839389e-008	0.000000e+000	5.997518e-005
1.658346777410800e-008	0.000000e+000	5.875752e-005
1.658356777410800e-008	0.000000e+000	5.874927e-005
1.659818205982211e-008	0.000000e+000	5.755639e-005
1.661279634553622e-008	0.000000e+000	5.638658e-005
1.662741063125033e-008	0.000000e+000	5.523983e-005
1.664202491696444e-008	0.000000e+000	5.411615e-005
1.665663920267855e-008	0.000000e+000	5.301554e-005
1.667125348839266e-008	0.000000e+000	5.193799e-005
1.668586777410676e-008	0.000000e+000	5.088351e-005
1.668596777410676e-008	0.000000e+000	5.087636e-005
1.670058205982087e-008	0.000000e+000	4.984333e-005
1.671519634553498e-008	0.000000e+000	4.883029e-005
1.672981063124909e-008	0.000000e+000	4.783722e-005
1.674442491696320e-008	0.000000e+000	4.686412e-005
1.675903920267731e-008	0.000000e+000	4.591100e-005
1.677365348839142e-008	0.000000e+000	4.497785e-005
1.678826777410553e-008	0.000000e+000	4.406468e-005
1.678836777410552e-008	0.000000e+000	4.405848e-005
1.680298205981963e-008	0.000000e+000	4.316390e-005
1.681759634553374e-008	0.000000e+000	4.228661e-005
1.683221063124785e-008	0.000000e+000	4.142662e-005
1.684682491696196e-008	0.000000e+000	4.058392e-005
1.686143920267607e-008	0.000000e+000	3.975852e-005
1.687605348839018e-008	0.000000e+000	3.895043e-005
1.689066777410429e-008	0.000000e+000	3.815963e-005
1.689076777410429e-008	0.000000e+000	3.815426e-005
1.690538205981839e-008	0.000000e+000	3.737956e-005
1.691999634553250e-008	0.000000e+000	3.661984e-005
1.693461063124661e-008	0.000000e+000	3.587509e-005
1.694922491696072e-008	0.000000e+000	3.514533e-005
1.696383920267483e-008	0.000000e+000	3.443054e-005
1.697845348838894e-008	0.000000e+000	3.373073e-005
1.699306777410305e-008	0.000000e+000	3.304590e-005
1.699316777410305e-008	0.000000e+000	3.304126e-005
1.700778205981716e-008	0.000000e+000	3.237038e-005
1.702239634553126e-008	0.000000e+000	3.171246e-005
1.703701063124537e-008	0.000000e+000	3.106752e-005
1.705162491695948e-008	0.000000e+000	3.043555e-005
1.706623920267359e-008	0.000000e+000	2.981655e-005
1.708085348838770e-008	0.000000e+000	2.921052e-005
1.709546777410181e-008	0.000000e+000	2.861747e-005
1.709556777410181e-008	0.000000e+000	2.861345e-005
1.711018205981592e-008	0.000000e+000	2.803246e-005
1.712479634553003e-008	0.000000e+000	2.746272e-005
1.713941063124413e-008	0.000000e+000	2.690420e-005
1.715402491695824e-008	0.000000e+000	2.635692e-005
1.716863920267235e-008	0.000000e+000	2.582087e-005
1.718325348838646e-008	0.000000e+000	2.529606e-005
1.719786777410057e-008	0.000000e+000	2.478248e-005
1.719796777410057e-008	0.000000e+000	2.477900e-005
1.730036777409933e-008	0.000000e+000	2.145840e-005
1.740276777409809e-008	0.000000e+000	1.858278e-005
1.750516777409685e-008	0.000000e+000	1.609253e-005
1.760756777409561e-008	0.000000e+000	1.393599e-005
1.770996777409437e-008	0.000000e+000	1.206845e-005
1.781236777409313e-008	0.000000e+000	1.045117e-005
1.791476777409189e-008	0.000000e+000	9.050624e-006
1.801716777409065e-008	0.000000e+000	7.837762e-006
1.811956777408942e-008	0.000000e+000	6.787433e-006
1.822196777408818e-008	0.000000e+000	5.877859e-006
1.832436777408694e-008	0.000000e+000	5.090174e-006
1.842676777408570e-008	0.000000e+000	4.408047e-006
1.852916777408446e-008	0.000000e+000	3.817331e-006
1.863156777408322e-008	0.000000e+000	3.305775e-006
1.873396777408198e-008	0.000000e+000	2.862773e-006
1.883636777408074e-008	0.000000e+000	2.479136e-006
1.893876777407950e-008	0.000000e+000	2.146910e-006
1.904116777407826e-008	0.000000e+000	1.859206e-006
1.914356777407702e-008	0.000000e+000	1.610056e-006
1.924596777407578e-008	0.000000e+000	1.394295e-006
1.934836777407455e-008	0.000000e+000	1.207447e-006
1.945076777407331e-008	0.000000e+000	1.045639e-006
1.955316777407207e-008	0.000000e+000	9.055140e-007
1.965556777407083e-008	0.000000e+000	7.841673e-007
1.975796777406959e-008	0.000000e+000	6.790821e-007
1.986036777406835e-008	0.000000e+000	5.880792e-007
1.996276777406711e-008	0.000000e+000	5.092715e-007
1.999993554813332e-008	0.000000e+000	4.833580e-007
2.000000000000000e-008	0.000000e+000	4.833142e-007
